[
   {
      "make_id":"aston-martin",
      "make_display":"Aston Martin",
      "make_is_common":"1",
      "make_country":"UK"
   },
   {
      "make_id":"bentley",
      "make_display":"Bentley",
      "make_is_common":"1",
      "make_country":"UK"
   },
   {
      "make_id":"bugatti",
      "make_display":"Bugatti",
      "make_is_common":"1",
      "make_country":"Italy"
   },
   {
      "make_id":"buick",
      "make_display":"Buick",
      "make_is_common":"1",
      "make_country":"USA"
   },
   {
      "make_id":"cadillac",
      "make_display":"Cadillac",
      "make_is_common":"1",
      "make_country":"USA"
   },
   {
      "make_id":"chrysler",
      "make_display":"Chrysler",
      "make_is_common":"1",
      "make_country":"USA"
   },
   {
      "make_id":"ford",
      "make_display":"Ford",
      "make_is_common":"1",
      "make_country":"USA"
   },
   {
      "make_id":"jaguar",
      "make_display":"Jaguar",
      "make_is_common":"1",
      "make_country":"UK"
   },
   {
      "make_id":"lincoln",
      "make_display":"Lincoln",
      "make_is_common":"1",
      "make_country":"USA"
   },
   {
      "make_id":"maserati",
      "make_display":"Maserati",
      "make_is_common":"1",
      "make_country":"Italy"
   },
   {
      "make_id":"maybach",
      "make_display":"Maybach",
      "make_is_common":"1",
      "make_country":"Germany"
   },
   {
      "make_id":"mercedes-benz",
      "make_display":"Mercedes-Benz",
      "make_is_common":"1",
      "make_country":"Germany"
   },
   {
      "make_id":"oldsmobile",
      "make_display":"Oldsmobile",
      "make_is_common":"1",
      "make_country":"USA"
   },
   {
      "make_id":"packard",
      "make_display":"Packard",
      "make_is_common":"1",
      "make_country":"USA"
   },
   {
      "make_id":"volvo",
      "make_display":"Volvo",
      "make_is_common":"1",
      "make_country":"Sweden"
   },
   {
      "make_id":"willys-overland",
      "make_display":"Willys-Overland",
      "make_is_common":"1",
      "make_country":"USA"
   }
]