[
   {
      "make_id":"ac",
      "make_display":"AC",
      "make_is_common":"0",
      "make_country":"UK"
   },
   {
      "make_id":"aston-martin",
      "make_display":"Aston Martin",
      "make_is_common":"1",
      "make_country":"UK"
   },
   {
      "make_id":"bentley",
      "make_display":"Bentley",
      "make_is_common":"1",
      "make_country":"UK"
   },
   {
      "make_id":"berkeley",
      "make_display":"Berkeley",
      "make_is_common":"0",
      "make_country":"UK"
   },
   {
      "make_id":"bmw",
      "make_display":"BMW",
      "make_is_common":"1",
      "make_country":"Germany"
   },
   {
      "make_id":"cadillac",
      "make_display":"Cadillac",
      "make_is_common":"1",
      "make_country":"USA"
   },
   {
      "make_id":"chevrolet",
      "make_display":"Chevrolet",
      "make_is_common":"1",
      "make_country":"USA"
   },
   {
      "make_id":"chrysler",
      "make_display":"Chrysler",
      "make_is_common":"1",
      "make_country":"USA"
   },
   {
      "make_id":"ferrari",
      "make_display":"Ferrari",
      "make_is_common":"1",
      "make_country":"Italy"
   },
   {
      "make_id":"ford",
      "make_display":"Ford",
      "make_is_common":"1",
      "make_country":"USA"
   },
   {
      "make_id":"hudson",
      "make_display":"Hudson",
      "make_is_common":"0",
      "make_country":"USA"
   },
   {
      "make_id":"jaguar",
      "make_display":"Jaguar",
      "make_is_common":"1",
      "make_country":"UK"
   },
   {
      "make_id":"jeep",
      "make_display":"Jeep",
      "make_is_common":"1",
      "make_country":"USA"
   },
   {
      "make_id":"land-rover",
      "make_display":"Land Rover",
      "make_is_common":"1",
      "make_country":"UK"
   },
   {
      "make_id":"lotus",
      "make_display":"Lotus",
      "make_is_common":"1",
      "make_country":"UK"
   },
   {
      "make_id":"maserati",
      "make_display":"Maserati",
      "make_is_common":"1",
      "make_country":"Italy"
   },
   {
      "make_id":"mazda",
      "make_display":"Mazda",
      "make_is_common":"1",
      "make_country":"Japan"
   },
   {
      "make_id":"mercedes-benz",
      "make_display":"Mercedes-Benz",
      "make_is_common":"1",
      "make_country":"Germany"
   },
   {
      "make_id":"mg",
      "make_display":"MG",
      "make_is_common":"1",
      "make_country":"UK"
   },
   {
      "make_id":"morgan",
      "make_display":"Morgan",
      "make_is_common":"1",
      "make_country":"UK"
   },
   {
      "make_id":"nissan",
      "make_display":"Nissan",
      "make_is_common":"1",
      "make_country":"Japan"
   },
   {
      "make_id":"porsche",
      "make_display":"Porsche",
      "make_is_common":"1",
      "make_country":"Germany"
   },
   {
      "make_id":"rolls-royce",
      "make_display":"Rolls-Royce",
      "make_is_common":"1",
      "make_country":"UK"
   },
   {
      "make_id":"saab",
      "make_display":"Saab",
      "make_is_common":"1",
      "make_country":"Sweden"
   },
   {
      "make_id":"studebaker",
      "make_display":"Studebaker",
      "make_is_common":"1",
      "make_country":"USA"
   },
   {
      "make_id":"subaru",
      "make_display":"Subaru",
      "make_is_common":"1",
      "make_country":"Japan"
   },
   {
      "make_id":"toyota",
      "make_display":"Toyota",
      "make_is_common":"1",
      "make_country":"Japan"
   },
   {
      "make_id":"triumph",
      "make_display":"Triumph",
      "make_is_common":"1",
      "make_country":"UK"
   },
   {
      "make_id":"volkswagen",
      "make_display":"Volkswagen",
      "make_is_common":"1",
      "make_country":"Germany"
   },
   {
      "make_id":"volvo",
      "make_display":"Volvo",
      "make_is_common":"1",
      "make_country":"Sweden"
   },
   {
      "make_id":"wartburg",
      "make_display":"Wartburg",
      "make_is_common":"0",
      "make_country":"Germany"
   },
   {
      "make_id":"willys-overland",
      "make_display":"Willys-Overland",
      "make_is_common":"1",
      "make_country":"USA"
   }
]