[
   {
      "model_name":"CL",
      "model_make_id":"acura"
   },
   {
      "model_name":"CL-X",
      "model_make_id":"acura"
   },
   {
      "model_name":"CSX",
      "model_make_id":"acura"
   },
   {
      "model_name":"EL",
      "model_make_id":"acura"
   },
   {
      "model_name":"ILX",
      "model_make_id":"acura"
   },
   {
      "model_name":"ILX Hybrid",
      "model_make_id":"Acura"
   },
   {
      "model_name":"Integra",
      "model_make_id":"acura"
   },
   {
      "model_name":"Legend",
      "model_make_id":"acura"
   },
   {
      "model_name":"MDX",
      "model_make_id":"acura"
   },
   {
      "model_name":"NSX",
      "model_make_id":"acura"
   },
   {
      "model_name":"RDX",
      "model_make_id":"acura"
   },
   {
      "model_name":"RL",
      "model_make_id":"acura"
   },
   {
      "model_name":"RLX",
      "model_make_id":"Acura"
   },
   {
      "model_name":"RSX",
      "model_make_id":"acura"
   },
   {
      "model_name":"SLX",
      "model_make_id":"acura"
   },
   {
      "model_name":"TL",
      "model_make_id":"acura"
   },
   {
      "model_name":"TLX",
      "model_make_id":"Acura"
   },
   {
      "model_name":"TSX",
      "model_make_id":"acura"
   },
   {
      "model_name":"Vigor",
      "model_make_id":"acura"
   },
   {
      "model_name":"ZDX",
      "model_make_id":"acura"
   },
   {
      "model_name":"1 Series",
      "model_make_id":"bmw"
   },
   {
      "model_name":"116",
      "model_make_id":"bmw"
   },
   {
      "model_name":"118",
      "model_make_id":"bmw"
   },
   {
      "model_name":"120",
      "model_make_id":"bmw"
   },
   {
      "model_name":"123",
      "model_make_id":"bmw"
   },
   {
      "model_name":"125",
      "model_make_id":"bmw"
   },
   {
      "model_name":"128",
      "model_make_id":"bmw"
   },
   {
      "model_name":"130",
      "model_make_id":"bmw"
   },
   {
      "model_name":"135",
      "model_make_id":"bmw"
   },
   {
      "model_name":"1500",
      "model_make_id":"bmw"
   },
   {
      "model_name":"1502",
      "model_make_id":"bmw"
   },
   {
      "model_name":"1600",
      "model_make_id":"bmw"
   },
   {
      "model_name":"1602",
      "model_make_id":"bmw"
   },
   {
      "model_name":"1800",
      "model_make_id":"bmw"
   },
   {
      "model_name":"2 Series",
      "model_make_id":"BMW"
   },
   {
      "model_name":"2.8",
      "model_make_id":"bmw"
   },
   {
      "model_name":"2000",
      "model_make_id":"bmw"
   },
   {
      "model_name":"2002",
      "model_make_id":"bmw"
   },
   {
      "model_name":"2004",
      "model_make_id":"bmw"
   },
   {
      "model_name":"2800",
      "model_make_id":"bmw"
   },
   {
      "model_name":"3",
      "model_make_id":"bmw"
   },
   {
      "model_name":"3 Series",
      "model_make_id":"bmw"
   },
   {
      "model_name":"3 Series Gran Turismo",
      "model_make_id":"BMW"
   },
   {
      "model_name":"3.3",
      "model_make_id":"bmw"
   },
   {
      "model_name":"315",
      "model_make_id":"bmw"
   },
   {
      "model_name":"316",
      "model_make_id":"bmw"
   },
   {
      "model_name":"317",
      "model_make_id":"bmw"
   },
   {
      "model_name":"318",
      "model_make_id":"bmw"
   },
   {
      "model_name":"320",
      "model_make_id":"bmw"
   },
   {
      "model_name":"3200 CS",
      "model_make_id":"bmw"
   },
   {
      "model_name":"323",
      "model_make_id":"bmw"
   },
   {
      "model_name":"324",
      "model_make_id":"bmw"
   },
   {
      "model_name":"325",
      "model_make_id":"bmw"
   },
   {
      "model_name":"328",
      "model_make_id":"bmw"
   },
   {
      "model_name":"330",
      "model_make_id":"bmw"
   },
   {
      "model_name":"332",
      "model_make_id":"bmw"
   },
   {
      "model_name":"333",
      "model_make_id":"bmw"
   },
   {
      "model_name":"335",
      "model_make_id":"bmw"
   },
   {
      "model_name":"340",
      "model_make_id":"bmw"
   },
   {
      "model_name":"4 Series",
      "model_make_id":"BMW"
   },
   {
      "model_name":"4 Series Gran Coupe",
      "model_make_id":"BMW"
   },
   {
      "model_name":"5 Series",
      "model_make_id":"bmw"
   },
   {
      "model_name":"5 Series Gran Turismo",
      "model_make_id":"BMW"
   },
   {
      "model_name":"5.8",
      "model_make_id":"bmw"
   },
   {
      "model_name":"501",
      "model_make_id":"bmw"
   },
   {
      "model_name":"502",
      "model_make_id":"bmw"
   },
   {
      "model_name":"503",
      "model_make_id":"bmw"
   },
   {
      "model_name":"507",
      "model_make_id":"bmw"
   },
   {
      "model_name":"518",
      "model_make_id":"bmw"
   },
   {
      "model_name":"520",
      "model_make_id":"bmw"
   },
   {
      "model_name":"523",
      "model_make_id":"bmw"
   },
   {
      "model_name":"524",
      "model_make_id":"bmw"
   },
   {
      "model_name":"525",
      "model_make_id":"bmw"
   },
   {
      "model_name":"528",
      "model_make_id":"bmw"
   },
   {
      "model_name":"529",
      "model_make_id":"bmw"
   },
   {
      "model_name":"530",
      "model_make_id":"bmw"
   },
   {
      "model_name":"535",
      "model_make_id":"bmw"
   },
   {
      "model_name":"538",
      "model_make_id":"bmw"
   },
   {
      "model_name":"540",
      "model_make_id":"bmw"
   },
   {
      "model_name":"545",
      "model_make_id":"bmw"
   },
   {
      "model_name":"550",
      "model_make_id":"bmw"
   },
   {
      "model_name":"6 series",
      "model_make_id":"bmw"
   },
   {
      "model_name":"6 Series Gran Coupe",
      "model_make_id":"BMW"
   },
   {
      "model_name":"600",
      "model_make_id":"bmw"
   },
   {
      "model_name":"628",
      "model_make_id":"bmw"
   },
   {
      "model_name":"630",
      "model_make_id":"bmw"
   },
   {
      "model_name":"633",
      "model_make_id":"bmw"
   },
   {
      "model_name":"635",
      "model_make_id":"bmw"
   },
   {
      "model_name":"640",
      "model_make_id":"bmw"
   },
   {
      "model_name":"645",
      "model_make_id":"bmw"
   },
   {
      "model_name":"650",
      "model_make_id":"bmw"
   },
   {
      "model_name":"7 Series",
      "model_make_id":"bmw"
   },
   {
      "model_name":"700",
      "model_make_id":"bmw"
   },
   {
      "model_name":"725",
      "model_make_id":"bmw"
   },
   {
      "model_name":"728",
      "model_make_id":"bmw"
   },
   {
      "model_name":"729",
      "model_make_id":"bmw"
   },
   {
      "model_name":"730",
      "model_make_id":"bmw"
   },
   {
      "model_name":"732",
      "model_make_id":"bmw"
   },
   {
      "model_name":"735",
      "model_make_id":"bmw"
   },
   {
      "model_name":"740",
      "model_make_id":"bmw"
   },
   {
      "model_name":"745",
      "model_make_id":"bmw"
   },
   {
      "model_name":"748",
      "model_make_id":"bmw"
   },
   {
      "model_name":"750",
      "model_make_id":"bmw"
   },
   {
      "model_name":"760",
      "model_make_id":"bmw"
   },
   {
      "model_name":"840",
      "model_make_id":"bmw"
   },
   {
      "model_name":"845",
      "model_make_id":"bmw"
   },
   {
      "model_name":"850",
      "model_make_id":"bmw"
   },
   {
      "model_name":"854",
      "model_make_id":"bmw"
   },
   {
      "model_name":"856",
      "model_make_id":"bmw"
   },
   {
      "model_name":"ActiveHybrid 3",
      "model_make_id":"bmw"
   },
   {
      "model_name":"ActiveHybrid 5",
      "model_make_id":"bmw"
   },
   {
      "model_name":"ActiveHybrid 7",
      "model_make_id":"bmw"
   },
   {
      "model_name":"Alpina",
      "model_make_id":"bmw"
   },
   {
      "model_name":"ALPINA B6 Gran Coupe",
      "model_make_id":"BMW"
   },
   {
      "model_name":"ALPINA B7",
      "model_make_id":"BMW"
   },
   {
      "model_name":"B7",
      "model_make_id":"bmw"
   },
   {
      "model_name":"Breyton",
      "model_make_id":"bmw"
   },
   {
      "model_name":"CLS",
      "model_make_id":"bmw"
   },
   {
      "model_name":"Compact",
      "model_make_id":"bmw"
   },
   {
      "model_name":"Convertible",
      "model_make_id":"bmw"
   },
   {
      "model_name":"Coupe",
      "model_make_id":"bmw"
   },
   {
      "model_name":"Dinan",
      "model_make_id":"bmw"
   },
   {
      "model_name":"Formula FB02",
      "model_make_id":"bmw"
   },
   {
      "model_name":"Formula One",
      "model_make_id":"bmw"
   },
   {
      "model_name":"FW 27",
      "model_make_id":"bmw"
   },
   {
      "model_name":"Isetta",
      "model_make_id":"bmw"
   },
   {
      "model_name":"Just 4",
      "model_make_id":"bmw"
   },
   {
      "model_name":"Karmann Asso di Quadri",
      "model_make_id":"bmw"
   },
   {
      "model_name":"L7",
      "model_make_id":"bmw"
   },
   {
      "model_name":"LMR",
      "model_make_id":"bmw"
   },
   {
      "model_name":"M",
      "model_make_id":"bmw"
   },
   {
      "model_name":"M1",
      "model_make_id":"bmw"
   },
   {
      "model_name":"M12",
      "model_make_id":"bmw"
   },
   {
      "model_name":"M28i",
      "model_make_id":"bmw"
   },
   {
      "model_name":"M3",
      "model_make_id":"bmw"
   },
   {
      "model_name":"M4",
      "model_make_id":"BMW"
   },
   {
      "model_name":"M5",
      "model_make_id":"bmw"
   },
   {
      "model_name":"M6",
      "model_make_id":"bmw"
   },
   {
      "model_name":"M6 Gran Coupe",
      "model_make_id":"BMW"
   },
   {
      "model_name":"Mini ACV 30",
      "model_make_id":"bmw"
   },
   {
      "model_name":"MM Roadster",
      "model_make_id":"bmw"
   },
   {
      "model_name":"Pickster",
      "model_make_id":"bmw"
   },
   {
      "model_name":"S3",
      "model_make_id":"bmw"
   },
   {
      "model_name":"Touring",
      "model_make_id":"bmw"
   },
   {
      "model_name":"Turbo",
      "model_make_id":"bmw"
   },
   {
      "model_name":"V12",
      "model_make_id":"bmw"
   },
   {
      "model_name":"Veritas Rennsportwagen",
      "model_make_id":"bmw"
   },
   {
      "model_name":"X Activity",
      "model_make_id":"bmw"
   },
   {
      "model_name":"X Coupe",
      "model_make_id":"bmw"
   },
   {
      "model_name":"X1",
      "model_make_id":"bmw"
   },
   {
      "model_name":"X3",
      "model_make_id":"bmw"
   },
   {
      "model_name":"X4",
      "model_make_id":"BMW"
   },
   {
      "model_name":"X5",
      "model_make_id":"bmw"
   },
   {
      "model_name":"X5 M",
      "model_make_id":"bmw"
   },
   {
      "model_name":"X6",
      "model_make_id":"bmw"
   },
   {
      "model_name":"X6 M",
      "model_make_id":"bmw"
   },
   {
      "model_name":"Z1",
      "model_make_id":"bmw"
   },
   {
      "model_name":"Z18",
      "model_make_id":"bmw"
   },
   {
      "model_name":"Z22",
      "model_make_id":"bmw"
   },
   {
      "model_name":"Z3",
      "model_make_id":"bmw"
   },
   {
      "model_name":"Z4",
      "model_make_id":"bmw"
   },
   {
      "model_name":"Z8",
      "model_make_id":"bmw"
   },
   {
      "model_name":"Z9",
      "model_make_id":"bmw"
   },
   {
      "model_name":"Z9 Gran Turismo Convertible",
      "model_make_id":"bmw"
   },
   {
      "model_name":"60",
      "model_make_id":"cadillac"
   },
   {
      "model_name":"61",
      "model_make_id":"cadillac"
   },
   {
      "model_name":"62",
      "model_make_id":"cadillac"
   },
   {
      "model_name":"6239D",
      "model_make_id":"cadillac"
   },
   {
      "model_name":"Allante",
      "model_make_id":"cadillac"
   },
   {
      "model_name":"ATS",
      "model_make_id":"cadillac"
   },
   {
      "model_name":"ATS Coupe",
      "model_make_id":"Cadillac"
   },
   {
      "model_name":"Aurora",
      "model_make_id":"cadillac"
   },
   {
      "model_name":"Biarritz",
      "model_make_id":"cadillac"
   },
   {
      "model_name":"BLS",
      "model_make_id":"cadillac"
   },
   {
      "model_name":"Brougham",
      "model_make_id":"cadillac"
   },
   {
      "model_name":"Calais",
      "model_make_id":"cadillac"
   },
   {
      "model_name":"Catera",
      "model_make_id":"cadillac"
   },
   {
      "model_name":"Cimarron",
      "model_make_id":"cadillac"
   },
   {
      "model_name":"CTS",
      "model_make_id":"cadillac"
   },
   {
      "model_name":"CTS Coupe",
      "model_make_id":"Cadillac"
   },
   {
      "model_name":"CTS Wagon",
      "model_make_id":"Cadillac"
   },
   {
      "model_name":"CTS-V",
      "model_make_id":"cadillac"
   },
   {
      "model_name":"CTS-V Coupe",
      "model_make_id":"Cadillac"
   },
   {
      "model_name":"CTS-V Wagon",
      "model_make_id":"Cadillac"
   },
   {
      "model_name":"DeVille",
      "model_make_id":"cadillac"
   },
   {
      "model_name":"DTS",
      "model_make_id":"cadillac"
   },
   {
      "model_name":"Eldorado",
      "model_make_id":"cadillac"
   },
   {
      "model_name":"ELR",
      "model_make_id":"Cadillac"
   },
   {
      "model_name":"Escalade",
      "model_make_id":"cadillac"
   },
   {
      "model_name":"Escalade ESV",
      "model_make_id":"Cadillac"
   },
   {
      "model_name":"Fleetwood",
      "model_make_id":"cadillac"
   },
   {
      "model_name":"Imaj",
      "model_make_id":"cadillac"
   },
   {
      "model_name":"Le Mans",
      "model_make_id":"cadillac"
   },
   {
      "model_name":"LMP",
      "model_make_id":"cadillac"
   },
   {
      "model_name":"Park Avenue",
      "model_make_id":"cadillac"
   },
   {
      "model_name":"Seville",
      "model_make_id":"cadillac"
   },
   {
      "model_name":"Sixty",
      "model_make_id":"cadillac"
   },
   {
      "model_name":"Solitaire",
      "model_make_id":"cadillac"
   },
   {
      "model_name":"SRX",
      "model_make_id":"cadillac"
   },
   {
      "model_name":"STS",
      "model_make_id":"cadillac"
   },
   {
      "model_name":"STS-V",
      "model_make_id":"cadillac"
   },
   {
      "model_name":"V Sixteen",
      "model_make_id":"cadillac"
   },
   {
      "model_name":"Vizon",
      "model_make_id":"cadillac"
   },
   {
      "model_name":"XLR",
      "model_make_id":"cadillac"
   },
   {
      "model_name":"XTS ",
      "model_make_id":"cadillac"
   },
   {
      "model_name":"125",
      "model_make_id":"ferrari"
   },
   {
      "model_name":"125 F1",
      "model_make_id":"ferrari"
   },
   {
      "model_name":"125S",
      "model_make_id":"ferrari"
   },
   {
      "model_name":"126",
      "model_make_id":"ferrari"
   },
   {
      "model_name":"156",
      "model_make_id":"ferrari"
   },
   {
      "model_name":"158",
      "model_make_id":"ferrari"
   },
   {
      "model_name":"159S",
      "model_make_id":"ferrari"
   },
   {
      "model_name":"166",
      "model_make_id":"ferrari"
   },
   {
      "model_name":"195",
      "model_make_id":"ferrari"
   },
   {
      "model_name":"196",
      "model_make_id":"ferrari"
   },
   {
      "model_name":"206",
      "model_make_id":"ferrari"
   },
   {
      "model_name":"208",
      "model_make_id":"ferrari"
   },
   {
      "model_name":"212",
      "model_make_id":"ferrari"
   },
   {
      "model_name":"225",
      "model_make_id":"ferrari"
   },
   {
      "model_name":"246",
      "model_make_id":"ferrari"
   },
   {
      "model_name":"250",
      "model_make_id":"ferrari"
   },
   {
      "model_name":"250 GT",
      "model_make_id":"ferrari"
   },
   {
      "model_name":"250 GTE",
      "model_make_id":"ferrari"
   },
   {
      "model_name":"250 GTO",
      "model_make_id":"ferrari"
   },
   {
      "model_name":"250 LM",
      "model_make_id":"ferrari"
   },
   {
      "model_name":"250 Mille Miglia",
      "model_make_id":"ferrari"
   },
   {
      "model_name":"250 Testarossa",
      "model_make_id":"ferrari"
   },
   {
      "model_name":"255 S",
      "model_make_id":"ferrari"
   },
   {
      "model_name":"256 F1",
      "model_make_id":"ferrari"
   },
   {
      "model_name":"275",
      "model_make_id":"ferrari"
   },
   {
      "model_name":"288 GTO",
      "model_make_id":"ferrari"
   },
   {
      "model_name":"306",
      "model_make_id":"ferrari"
   },
   {
      "model_name":"308",
      "model_make_id":"ferrari"
   },
   {
      "model_name":"312",
      "model_make_id":"ferrari"
   },
   {
      "model_name":"328 GTB",
      "model_make_id":"ferrari"
   },
   {
      "model_name":"328 GTS",
      "model_make_id":"ferrari"
   },
   {
      "model_name":"330",
      "model_make_id":"ferrari"
   },
   {
      "model_name":"330GT",
      "model_make_id":"ferrari"
   },
   {
      "model_name":"340 America",
      "model_make_id":"ferrari"
   },
   {
      "model_name":"340 F1",
      "model_make_id":"ferrari"
   },
   {
      "model_name":"340 Mexico",
      "model_make_id":"ferrari"
   },
   {
      "model_name":"340 MM",
      "model_make_id":"ferrari"
   },
   {
      "model_name":"340 Spider",
      "model_make_id":"ferrari"
   },
   {
      "model_name":"342 America",
      "model_make_id":"ferrari"
   },
   {
      "model_name":"348",
      "model_make_id":"ferrari"
   },
   {
      "model_name":"348 TS Targa",
      "model_make_id":"ferrari"
   },
   {
      "model_name":"355 Spider",
      "model_make_id":"ferrari"
   },
   {
      "model_name":"355 TS",
      "model_make_id":"ferrari"
   },
   {
      "model_name":"360",
      "model_make_id":"ferrari"
   },
   {
      "model_name":"365 BB",
      "model_make_id":"ferrari"
   },
   {
      "model_name":"365 California",
      "model_make_id":"ferrari"
   },
   {
      "model_name":"365 GT",
      "model_make_id":"ferrari"
   },
   {
      "model_name":"365 GT4",
      "model_make_id":"ferrari"
   },
   {
      "model_name":"365 GTB",
      "model_make_id":"ferrari"
   },
   {
      "model_name":"365 GTC",
      "model_make_id":"ferrari"
   },
   {
      "model_name":"365 GTC 4",
      "model_make_id":"ferrari"
   },
   {
      "model_name":"365 GTS",
      "model_make_id":"ferrari"
   },
   {
      "model_name":"375 America",
      "model_make_id":"ferrari"
   },
   {
      "model_name":"375 Indy",
      "model_make_id":"ferrari"
   },
   {
      "model_name":"375 Mille Miglia",
      "model_make_id":"ferrari"
   },
   {
      "model_name":"3Z",
      "model_make_id":"ferrari"
   },
   {
      "model_name":"400",
      "model_make_id":"ferrari"
   },
   {
      "model_name":"400 Superamerica",
      "model_make_id":"ferrari"
   },
   {
      "model_name":"410 Superamerica",
      "model_make_id":"ferrari"
   },
   {
      "model_name":"412 GT",
      "model_make_id":"ferrari"
   },
   {
      "model_name":"412 MI",
      "model_make_id":"ferrari"
   },
   {
      "model_name":"412 T2",
      "model_make_id":"ferrari"
   },
   {
      "model_name":"456",
      "model_make_id":"ferrari"
   },
   {
      "model_name":"456M",
      "model_make_id":"ferrari"
   },
   {
      "model_name":"458",
      "model_make_id":"ferrari"
   },
   {
      "model_name":"458 Italia",
      "model_make_id":"ferrari"
   },
   {
      "model_name":"500 F2",
      "model_make_id":"ferrari"
   },
   {
      "model_name":"500 Mondial",
      "model_make_id":"ferrari"
   },
   {
      "model_name":"500 Superfast",
      "model_make_id":"ferrari"
   },
   {
      "model_name":"500 Testarossa",
      "model_make_id":"ferrari"
   },
   {
      "model_name":"512 BB",
      "model_make_id":"ferrari"
   },
   {
      "model_name":"512 BBi",
      "model_make_id":"ferrari"
   },
   {
      "model_name":"512 BBi Turbo",
      "model_make_id":"ferrari"
   },
   {
      "model_name":"512 F1",
      "model_make_id":"ferrari"
   },
   {
      "model_name":"512 M",
      "model_make_id":"ferrari"
   },
   {
      "model_name":"512 S",
      "model_make_id":"ferrari"
   },
   {
      "model_name":"512 TR",
      "model_make_id":"ferrari"
   },
   {
      "model_name":"550",
      "model_make_id":"ferrari"
   },
   {
      "model_name":"553 F1",
      "model_make_id":"ferrari"
   },
   {
      "model_name":"553 F2",
      "model_make_id":"ferrari"
   },
   {
      "model_name":"575 Superamerica",
      "model_make_id":"ferrari"
   },
   {
      "model_name":"575M Maranello",
      "model_make_id":"ferrari"
   },
   {
      "model_name":"599",
      "model_make_id":"ferrari"
   },
   {
      "model_name":"599 GTB Fiorano",
      "model_make_id":"ferrari"
   },
   {
      "model_name":"612",
      "model_make_id":"ferrari"
   },
   {
      "model_name":"612 Scaglietti",
      "model_make_id":"ferrari"
   },
   {
      "model_name":"625 F1",
      "model_make_id":"ferrari"
   },
   {
      "model_name":"735",
      "model_make_id":"ferrari"
   },
   {
      "model_name":"750",
      "model_make_id":"ferrari"
   },
   {
      "model_name":"801 F1",
      "model_make_id":"ferrari"
   },
   {
      "model_name":"850",
      "model_make_id":"ferrari"
   },
   {
      "model_name":"C62",
      "model_make_id":"ferrari"
   },
   {
      "model_name":"California",
      "model_make_id":"ferrari"
   },
   {
      "model_name":"D 50",
      "model_make_id":"ferrari"
   },
   {
      "model_name":"Dino",
      "model_make_id":"ferrari"
   },
   {
      "model_name":"Enzo",
      "model_make_id":"ferrari"
   },
   {
      "model_name":"F 2005",
      "model_make_id":"ferrari"
   },
   {
      "model_name":"F1 156",
      "model_make_id":"ferrari"
   },
   {
      "model_name":"F1 2000",
      "model_make_id":"ferrari"
   },
   {
      "model_name":"F1 86",
      "model_make_id":"ferrari"
   },
   {
      "model_name":"F1 88",
      "model_make_id":"ferrari"
   },
   {
      "model_name":"F1 89",
      "model_make_id":"ferrari"
   },
   {
      "model_name":"F1 90",
      "model_make_id":"ferrari"
   },
   {
      "model_name":"F1 93",
      "model_make_id":"ferrari"
   },
   {
      "model_name":"F310",
      "model_make_id":"ferrari"
   },
   {
      "model_name":"F333",
      "model_make_id":"ferrari"
   },
   {
      "model_name":"F355",
      "model_make_id":"ferrari"
   },
   {
      "model_name":"F399",
      "model_make_id":"ferrari"
   },
   {
      "model_name":"F40",
      "model_make_id":"ferrari"
   },
   {
      "model_name":"F430",
      "model_make_id":"ferrari"
   },
   {
      "model_name":"F50",
      "model_make_id":"ferrari"
   },
   {
      "model_name":"F512 M",
      "model_make_id":"ferrari"
   },
   {
      "model_name":"F55",
      "model_make_id":"ferrari"
   },
   {
      "model_name":"F550",
      "model_make_id":"ferrari"
   },
   {
      "model_name":"FF",
      "model_make_id":"ferrari"
   },
   {
      "model_name":"FF HELE",
      "model_make_id":"ferrari"
   },
   {
      "model_name":"GTO",
      "model_make_id":"ferrari"
   },
   {
      "model_name":"KS 360 Modena",
      "model_make_id":"ferrari"
   },
   {
      "model_name":"Maranello",
      "model_make_id":"ferrari"
   },
   {
      "model_name":"Mondial",
      "model_make_id":"ferrari"
   },
   {
      "model_name":"Mythos",
      "model_make_id":"ferrari"
   },
   {
      "model_name":"P2",
      "model_make_id":"ferrari"
   },
   {
      "model_name":"P5",
      "model_make_id":"ferrari"
   },
   {
      "model_name":"Pinin",
      "model_make_id":"ferrari"
   },
   {
      "model_name":"Rossa",
      "model_make_id":"ferrari"
   },
   {
      "model_name":"Superamerica",
      "model_make_id":"ferrari"
   },
   {
      "model_name":"Testarossa",
      "model_make_id":"ferrari"
   },
   {
      "model_name":"021 C",
      "model_make_id":"ford"
   },
   {
      "model_name":"12 M",
      "model_make_id":"ford"
   },
   {
      "model_name":"17",
      "model_make_id":"ford"
   },
   {
      "model_name":"17M",
      "model_make_id":"ford"
   },
   {
      "model_name":"2000",
      "model_make_id":"ford"
   },
   {
      "model_name":"24.7",
      "model_make_id":"ford"
   },
   {
      "model_name":"427",
      "model_make_id":"ford"
   },
   {
      "model_name":"49",
      "model_make_id":"ford"
   },
   {
      "model_name":"Aerostar",
      "model_make_id":"ford"
   },
   {
      "model_name":"Anglia",
      "model_make_id":"ford"
   },
   {
      "model_name":"Artic",
      "model_make_id":"ford"
   },
   {
      "model_name":"Aspire",
      "model_make_id":"ford"
   },
   {
      "model_name":"Bantam",
      "model_make_id":"ford"
   },
   {
      "model_name":"Bronco",
      "model_make_id":"ford"
   },
   {
      "model_name":"Bronco II",
      "model_make_id":"ford"
   },
   {
      "model_name":"C 100",
      "model_make_id":"ford"
   },
   {
      "model_name":"C-MAX",
      "model_make_id":"ford"
   },
   {
      "model_name":"C-Max Energi",
      "model_make_id":"Ford"
   },
   {
      "model_name":"C-Max Hybrid",
      "model_make_id":"Ford"
   },
   {
      "model_name":"Capri",
      "model_make_id":"ford"
   },
   {
      "model_name":"Coin",
      "model_make_id":"ford"
   },
   {
      "model_name":"Consul",
      "model_make_id":"ford"
   },
   {
      "model_name":"Contour",
      "model_make_id":"ford"
   },
   {
      "model_name":"Corsair",
      "model_make_id":"ford"
   },
   {
      "model_name":"Cortina",
      "model_make_id":"ford"
   },
   {
      "model_name":"Cougar",
      "model_make_id":"ford"
   },
   {
      "model_name":"Courier",
      "model_make_id":"ford"
   },
   {
      "model_name":"Crestline",
      "model_make_id":"ford"
   },
   {
      "model_name":"Crown Victoria",
      "model_make_id":"ford"
   },
   {
      "model_name":"Custom",
      "model_make_id":"ford"
   },
   {
      "model_name":"Desert Excursion",
      "model_make_id":"ford"
   },
   {
      "model_name":"E-150",
      "model_make_id":"ford"
   },
   {
      "model_name":"E-250",
      "model_make_id":"ford"
   },
   {
      "model_name":"E-350",
      "model_make_id":"ford"
   },
   {
      "model_name":"e-Ka",
      "model_make_id":"ford"
   },
   {
      "model_name":"E-Series",
      "model_make_id":"ford"
   },
   {
      "model_name":"E-Series Van",
      "model_make_id":"Ford"
   },
   {
      "model_name":"E-Series Wagon",
      "model_make_id":"Ford"
   },
   {
      "model_name":"Econoline",
      "model_make_id":"ford"
   },
   {
      "model_name":"Econovan",
      "model_make_id":"ford"
   },
   {
      "model_name":"Ecosport",
      "model_make_id":"ford"
   },
   {
      "model_name":"Edge",
      "model_make_id":"ford"
   },
   {
      "model_name":"Equator",
      "model_make_id":"ford"
   },
   {
      "model_name":"Escape",
      "model_make_id":"ford"
   },
   {
      "model_name":"Escort",
      "model_make_id":"ford"
   },
   {
      "model_name":"EX",
      "model_make_id":"ford"
   },
   {
      "model_name":"Excursion",
      "model_make_id":"ford"
   },
   {
      "model_name":"Expedition",
      "model_make_id":"ford"
   },
   {
      "model_name":"Explorer",
      "model_make_id":"ford"
   },
   {
      "model_name":"Extreme EX",
      "model_make_id":"ford"
   },
   {
      "model_name":"F",
      "model_make_id":"ford"
   },
   {
      "model_name":"F-150",
      "model_make_id":"ford"
   },
   {
      "model_name":"F-250",
      "model_make_id":"ford"
   },
   {
      "model_name":"F-250 Super Duty",
      "model_make_id":"Ford"
   },
   {
      "model_name":"F-350",
      "model_make_id":"ford"
   },
   {
      "model_name":"F-350 Super Duty",
      "model_make_id":"Ford"
   },
   {
      "model_name":"F-450",
      "model_make_id":"ford"
   },
   {
      "model_name":"F-450 Super Duty",
      "model_make_id":"Ford"
   },
   {
      "model_name":"F-650",
      "model_make_id":"ford"
   },
   {
      "model_name":"Fairlane",
      "model_make_id":"ford"
   },
   {
      "model_name":"Falcon",
      "model_make_id":"ford"
   },
   {
      "model_name":"Festiva",
      "model_make_id":"ford"
   },
   {
      "model_name":"Fiesta",
      "model_make_id":"ford"
   },
   {
      "model_name":"Five Hundred",
      "model_make_id":"ford"
   },
   {
      "model_name":"Flex",
      "model_make_id":"ford"
   },
   {
      "model_name":"Focus",
      "model_make_id":"ford"
   },
   {
      "model_name":"Focus ST",
      "model_make_id":"Ford"
   },
   {
      "model_name":"FPV BF GT",
      "model_make_id":"ford"
   },
   {
      "model_name":"Freestar",
      "model_make_id":"ford"
   },
   {
      "model_name":"Freestyle",
      "model_make_id":"ford"
   },
   {
      "model_name":"Fusion",
      "model_make_id":"ford"
   },
   {
      "model_name":"Fusion Energi",
      "model_make_id":"Ford"
   },
   {
      "model_name":"Fusion Hybrid",
      "model_make_id":"Ford"
   },
   {
      "model_name":"Galaxie",
      "model_make_id":"ford"
   },
   {
      "model_name":"Galaxy",
      "model_make_id":"ford"
   },
   {
      "model_name":"Gran Torino",
      "model_make_id":"ford"
   },
   {
      "model_name":"Granada",
      "model_make_id":"ford"
   },
   {
      "model_name":"GT",
      "model_make_id":"ford"
   },
   {
      "model_name":"GT 40",
      "model_make_id":"ford"
   },
   {
      "model_name":"GT 500",
      "model_make_id":"ford"
   },
   {
      "model_name":"GT 70",
      "model_make_id":"ford"
   },
   {
      "model_name":"Husky",
      "model_make_id":"ford"
   },
   {
      "model_name":"Ikon",
      "model_make_id":"ford"
   },
   {
      "model_name":"Indigo",
      "model_make_id":"ford"
   },
   {
      "model_name":"Ka",
      "model_make_id":"ford"
   },
   {
      "model_name":"Kuga",
      "model_make_id":"ford"
   },
   {
      "model_name":"Laser",
      "model_make_id":"ford"
   },
   {
      "model_name":"Libre",
      "model_make_id":"ford"
   },
   {
      "model_name":"Limited",
      "model_make_id":"ford"
   },
   {
      "model_name":"Lotus Cortina",
      "model_make_id":"ford"
   },
   {
      "model_name":"LTD",
      "model_make_id":"ford"
   },
   {
      "model_name":"Lynx",
      "model_make_id":"ford"
   },
   {
      "model_name":"Maverick",
      "model_make_id":"ford"
   },
   {
      "model_name":"Megastar II",
      "model_make_id":"ford"
   },
   {
      "model_name":"Meteor",
      "model_make_id":"ford"
   },
   {
      "model_name":"Model U",
      "model_make_id":"ford"
   },
   {
      "model_name":"Monarch",
      "model_make_id":"ford"
   },
   {
      "model_name":"Mondeo",
      "model_make_id":"ford"
   },
   {
      "model_name":"Mustang",
      "model_make_id":"ford"
   },
   {
      "model_name":"O21 C",
      "model_make_id":"ford"
   },
   {
      "model_name":"Orion",
      "model_make_id":"ford"
   },
   {
      "model_name":"Pilot",
      "model_make_id":"ford"
   },
   {
      "model_name":"Popular",
      "model_make_id":"ford"
   },
   {
      "model_name":"Prefect",
      "model_make_id":"ford"
   },
   {
      "model_name":"Probe",
      "model_make_id":"ford"
   },
   {
      "model_name":"Puma",
      "model_make_id":"ford"
   },
   {
      "model_name":"Ranchero",
      "model_make_id":"ford"
   },
   {
      "model_name":"Ranger",
      "model_make_id":"ford"
   },
   {
      "model_name":"Royale",
      "model_make_id":"ford"
   },
   {
      "model_name":"RS 200",
      "model_make_id":"ford"
   },
   {
      "model_name":"S-Max",
      "model_make_id":"ford"
   },
   {
      "model_name":"Saetta",
      "model_make_id":"ford"
   },
   {
      "model_name":"Scorpio",
      "model_make_id":"ford"
   },
   {
      "model_name":"Shelby GR-1 Concept",
      "model_make_id":"ford"
   },
   {
      "model_name":"Shelby GT 500",
      "model_make_id":"ford"
   },
   {
      "model_name":"Shelby GT500",
      "model_make_id":"ford"
   },
   {
      "model_name":"Sierra",
      "model_make_id":"ford"
   },
   {
      "model_name":"Skyliner",
      "model_make_id":"ford"
   },
   {
      "model_name":"ST 460",
      "model_make_id":"ford"
   },
   {
      "model_name":"Station Wagon",
      "model_make_id":"ford"
   },
   {
      "model_name":"Synergy 2010",
      "model_make_id":"ford"
   },
   {
      "model_name":"Taunus",
      "model_make_id":"ford"
   },
   {
      "model_name":"Taurus",
      "model_make_id":"ford"
   },
   {
      "model_name":"Taurus X",
      "model_make_id":"ford"
   },
   {
      "model_name":"TE-50",
      "model_make_id":"ford"
   },
   {
      "model_name":"Telstar",
      "model_make_id":"ford"
   },
   {
      "model_name":"Tempo",
      "model_make_id":"ford"
   },
   {
      "model_name":"Territory",
      "model_make_id":"ford"
   },
   {
      "model_name":"Think",
      "model_make_id":"ford"
   },
   {
      "model_name":"Think Neighbor",
      "model_make_id":"ford"
   },
   {
      "model_name":"Thunderbird",
      "model_make_id":"ford"
   },
   {
      "model_name":"TL-50",
      "model_make_id":"ford"
   },
   {
      "model_name":"Tonka",
      "model_make_id":"ford"
   },
   {
      "model_name":"Torino",
      "model_make_id":"ford"
   },
   {
      "model_name":"Tracer",
      "model_make_id":"ford"
   },
   {
      "model_name":"Transit Connect",
      "model_make_id":"ford"
   },
   {
      "model_name":"Transit Van",
      "model_make_id":"Ford"
   },
   {
      "model_name":"Transit Wagon",
      "model_make_id":"Ford"
   },
   {
      "model_name":"Triton",
      "model_make_id":"ford"
   },
   {
      "model_name":"TS-50",
      "model_make_id":"ford"
   },
   {
      "model_name":"Urban Explorer",
      "model_make_id":"ford"
   },
   {
      "model_name":"Vedette",
      "model_make_id":"ford"
   },
   {
      "model_name":"Versailles",
      "model_make_id":"ford"
   },
   {
      "model_name":"Windstar",
      "model_make_id":"ford"
   },
   {
      "model_name":"XR 8 Xplod",
      "model_make_id":"ford"
   },
   {
      "model_name":"Zephyr",
      "model_make_id":"ford"
   },
   {
      "model_name":"Zodiac",
      "model_make_id":"ford"
   },
   {
      "model_name":"Acadia",
      "model_make_id":"gmc"
   },
   {
      "model_name":"Autonomy",
      "model_make_id":"gmc"
   },
   {
      "model_name":"Canyon",
      "model_make_id":"gmc"
   },
   {
      "model_name":"Envoy",
      "model_make_id":"gmc"
   },
   {
      "model_name":"EV1",
      "model_make_id":"gmc"
   },
   {
      "model_name":"Firebird",
      "model_make_id":"gmc"
   },
   {
      "model_name":"Jimmy",
      "model_make_id":"gmc"
   },
   {
      "model_name":"Safari",
      "model_make_id":"gmc"
   },
   {
      "model_name":"Savana",
      "model_make_id":"gmc"
   },
   {
      "model_name":"Sierra",
      "model_make_id":"gmc"
   },
   {
      "model_name":"Sierra 1500",
      "model_make_id":"GMC"
   },
   {
      "model_name":"Sierra 2500HD",
      "model_make_id":"GMC"
   },
   {
      "model_name":"Sierra 3500HD",
      "model_make_id":"GMC"
   },
   {
      "model_name":"Sonoma",
      "model_make_id":"gmc"
   },
   {
      "model_name":"Suburban",
      "model_make_id":"gmc"
   },
   {
      "model_name":"Terra 4",
      "model_make_id":"gmc"
   },
   {
      "model_name":"Terracross",
      "model_make_id":"gmc"
   },
   {
      "model_name":"Terradyne",
      "model_make_id":"gmc"
   },
   {
      "model_name":"Terrain",
      "model_make_id":"gmc"
   },
   {
      "model_name":"Typhoon",
      "model_make_id":"gmc"
   },
   {
      "model_name":"Yukon",
      "model_make_id":"gmc"
   },
   {
      "model_name":"Yukon XL",
      "model_make_id":"GMC"
   },
   {
      "model_name":"220",
      "model_make_id":"jaguar"
   },
   {
      "model_name":"240",
      "model_make_id":"jaguar"
   },
   {
      "model_name":"3.8",
      "model_make_id":"jaguar"
   },
   {
      "model_name":"420G",
      "model_make_id":"jaguar"
   },
   {
      "model_name":"C-Type",
      "model_make_id":"jaguar"
   },
   {
      "model_name":"Concept Eight",
      "model_make_id":"jaguar"
   },
   {
      "model_name":"E Type",
      "model_make_id":"jaguar"
   },
   {
      "model_name":"E-Type",
      "model_make_id":"jaguar"
   },
   {
      "model_name":"F-Type",
      "model_make_id":"jaguar"
   },
   {
      "model_name":"Kensington",
      "model_make_id":"jaguar"
   },
   {
      "model_name":"Mark IV",
      "model_make_id":"jaguar"
   },
   {
      "model_name":"MK 10",
      "model_make_id":"jaguar"
   },
   {
      "model_name":"MK II",
      "model_make_id":"jaguar"
   },
   {
      "model_name":"MK IV",
      "model_make_id":"jaguar"
   },
   {
      "model_name":"MK IX",
      "model_make_id":"jaguar"
   },
   {
      "model_name":"MK V",
      "model_make_id":"jaguar"
   },
   {
      "model_name":"MK VII",
      "model_make_id":"jaguar"
   },
   {
      "model_name":"MK VIII",
      "model_make_id":"jaguar"
   },
   {
      "model_name":"MK X",
      "model_make_id":"jaguar"
   },
   {
      "model_name":"R Coupe",
      "model_make_id":"jaguar"
   },
   {
      "model_name":"R-D6",
      "model_make_id":"jaguar"
   },
   {
      "model_name":"S-Type",
      "model_make_id":"jaguar"
   },
   {
      "model_name":"Sovereign",
      "model_make_id":"jaguar"
   },
   {
      "model_name":"SS",
      "model_make_id":"jaguar"
   },
   {
      "model_name":"Type E",
      "model_make_id":"jaguar"
   },
   {
      "model_name":"Type S",
      "model_make_id":"jaguar"
   },
   {
      "model_name":"Type-C",
      "model_make_id":"jaguar"
   },
   {
      "model_name":"Vanden Plas",
      "model_make_id":"jaguar"
   },
   {
      "model_name":"X-300",
      "model_make_id":"jaguar"
   },
   {
      "model_name":"X-Type",
      "model_make_id":"jaguar"
   },
   {
      "model_name":"X400",
      "model_make_id":"jaguar"
   },
   {
      "model_name":"XF",
      "model_make_id":"jaguar"
   },
   {
      "model_name":"XJ",
      "model_make_id":"jaguar"
   },
   {
      "model_name":"XJ-13",
      "model_make_id":"jaguar"
   },
   {
      "model_name":"XJ220",
      "model_make_id":"jaguar"
   },
   {
      "model_name":"XJ6",
      "model_make_id":"jaguar"
   },
   {
      "model_name":"XJ8",
      "model_make_id":"jaguar"
   },
   {
      "model_name":"XJR",
      "model_make_id":"jaguar"
   },
   {
      "model_name":"XJR-11",
      "model_make_id":"jaguar"
   },
   {
      "model_name":"XJR-15",
      "model_make_id":"jaguar"
   },
   {
      "model_name":"XJS",
      "model_make_id":"jaguar"
   },
   {
      "model_name":"XK",
      "model_make_id":"jaguar"
   },
   {
      "model_name":"XK8",
      "model_make_id":"jaguar"
   },
   {
      "model_name":"XKA",
      "model_make_id":"jaguar"
   },
   {
      "model_name":"XKR",
      "model_make_id":"jaguar"
   },
   {
      "model_name":"XS",
      "model_make_id":"Jaguar"
   },
   {
      "model_name":"170 V",
      "model_make_id":"mercedes-benz"
   },
   {
      "model_name":"170S",
      "model_make_id":"mercedes-benz"
   },
   {
      "model_name":"180",
      "model_make_id":"mercedes-benz"
   },
   {
      "model_name":"190",
      "model_make_id":"mercedes-benz"
   },
   {
      "model_name":"200",
      "model_make_id":"mercedes-benz"
   },
   {
      "model_name":"219",
      "model_make_id":"mercedes-benz"
   },
   {
      "model_name":"220",
      "model_make_id":"mercedes-benz"
   },
   {
      "model_name":"230",
      "model_make_id":"mercedes-benz"
   },
   {
      "model_name":"230.4",
      "model_make_id":"mercedes-benz"
   },
   {
      "model_name":"240",
      "model_make_id":"mercedes-benz"
   },
   {
      "model_name":"250",
      "model_make_id":"mercedes-benz"
   },
   {
      "model_name":"260",
      "model_make_id":"mercedes-benz"
   },
   {
      "model_name":"280",
      "model_make_id":"mercedes-benz"
   },
   {
      "model_name":"300",
      "model_make_id":"mercedes-benz"
   },
   {
      "model_name":"300B",
      "model_make_id":"mercedes-benz"
   },
   {
      "model_name":"300D",
      "model_make_id":"mercedes-benz"
   },
   {
      "model_name":"300S",
      "model_make_id":"mercedes-benz"
   },
   {
      "model_name":"320",
      "model_make_id":"mercedes-benz"
   },
   {
      "model_name":"350",
      "model_make_id":"mercedes-benz"
   },
   {
      "model_name":"380",
      "model_make_id":"mercedes-benz"
   },
   {
      "model_name":"400",
      "model_make_id":"mercedes-benz"
   },
   {
      "model_name":"420",
      "model_make_id":"mercedes-benz"
   },
   {
      "model_name":"450",
      "model_make_id":"mercedes-benz"
   },
   {
      "model_name":"500",
      "model_make_id":"mercedes-benz"
   },
   {
      "model_name":"560",
      "model_make_id":"mercedes-benz"
   },
   {
      "model_name":"600",
      "model_make_id":"mercedes-benz"
   },
   {
      "model_name":"770",
      "model_make_id":"mercedes-benz"
   },
   {
      "model_name":"A",
      "model_make_id":"mercedes-benz"
   },
   {
      "model_name":"B",
      "model_make_id":"mercedes-benz"
   },
   {
      "model_name":"Bionic Car Concept",
      "model_make_id":"mercedes-benz"
   },
   {
      "model_name":"C",
      "model_make_id":"mercedes-benz"
   },
   {
      "model_name":"C 111",
      "model_make_id":"mercedes-benz"
   },
   {
      "model_name":"C 112",
      "model_make_id":"mercedes-benz"
   },
   {
      "model_name":"C-Class",
      "model_make_id":"Mercedes-Benz"
   },
   {
      "model_name":"C30",
      "model_make_id":"mercedes-benz"
   },
   {
      "model_name":"CK",
      "model_make_id":"mercedes-benz"
   },
   {
      "model_name":"CL",
      "model_make_id":"mercedes-benz"
   },
   {
      "model_name":"CL-Class",
      "model_make_id":"Mercedes-Benz"
   },
   {
      "model_name":"CLA-Class",
      "model_make_id":"Mercedes-Benz"
   },
   {
      "model_name":"CLC",
      "model_make_id":"mercedes-benz"
   },
   {
      "model_name":"CLK",
      "model_make_id":"mercedes-benz"
   },
   {
      "model_name":"CLK GTR",
      "model_make_id":"mercedes-benz"
   },
   {
      "model_name":"CLK LM",
      "model_make_id":"mercedes-benz"
   },
   {
      "model_name":"CLS",
      "model_make_id":"mercedes-benz"
   },
   {
      "model_name":"CLS-Class",
      "model_make_id":"Mercedes-Benz"
   },
   {
      "model_name":"CW",
      "model_make_id":"mercedes-benz"
   },
   {
      "model_name":"E",
      "model_make_id":"mercedes-benz"
   },
   {
      "model_name":"E-Class",
      "model_make_id":"Mercedes-Benz"
   },
   {
      "model_name":"E420",
      "model_make_id":"mercedes-benz"
   },
   {
      "model_name":"E500",
      "model_make_id":"mercedes-benz"
   },
   {
      "model_name":"F200",
      "model_make_id":"mercedes-benz"
   },
   {
      "model_name":"F300 Life Jet",
      "model_make_id":"mercedes-benz"
   },
   {
      "model_name":"G",
      "model_make_id":"mercedes-benz"
   },
   {
      "model_name":"G-Class",
      "model_make_id":"Mercedes-Benz"
   },
   {
      "model_name":"GL",
      "model_make_id":"mercedes-benz"
   },
   {
      "model_name":"GL-Class",
      "model_make_id":"Mercedes-Benz"
   },
   {
      "model_name":"GLA-Class",
      "model_make_id":"Mercedes-Benz"
   },
   {
      "model_name":"GLK",
      "model_make_id":"mercedes-benz"
   },
   {
      "model_name":"GLK-Class",
      "model_make_id":"Mercedes-Benz"
   },
   {
      "model_name":"M",
      "model_make_id":"mercedes-benz"
   },
   {
      "model_name":"M-Class",
      "model_make_id":"Mercedes-Benz"
   },
   {
      "model_name":"MCC",
      "model_make_id":"mercedes-benz"
   },
   {
      "model_name":"ML",
      "model_make_id":"mercedes-benz"
   },
   {
      "model_name":"Ponton",
      "model_make_id":"mercedes-benz"
   },
   {
      "model_name":"R",
      "model_make_id":"mercedes-benz"
   },
   {
      "model_name":"S",
      "model_make_id":"mercedes-benz"
   },
   {
      "model_name":"S-Class",
      "model_make_id":"Mercedes-Benz"
   },
   {
      "model_name":"SC",
      "model_make_id":"mercedes-benz"
   },
   {
      "model_name":"SE",
      "model_make_id":"mercedes-benz"
   },
   {
      "model_name":"SL",
      "model_make_id":"mercedes-benz"
   },
   {
      "model_name":"SL-Class",
      "model_make_id":"Mercedes-Benz"
   },
   {
      "model_name":"SLK",
      "model_make_id":"mercedes-benz"
   },
   {
      "model_name":"SLK-Class",
      "model_make_id":"Mercedes-Benz"
   },
   {
      "model_name":"SLR McLaren",
      "model_make_id":"mercedes-benz"
   },
   {
      "model_name":"SLS",
      "model_make_id":"mercedes-benz"
   },
   {
      "model_name":"SLS AMG GT",
      "model_make_id":"Mercedes-Benz"
   },
   {
      "model_name":"SLS AMG GT Final Edition",
      "model_make_id":"Mercedes-Benz"
   },
   {
      "model_name":"Smart",
      "model_make_id":"mercedes-benz"
   },
   {
      "model_name":"Sprinter",
      "model_make_id":"mercedes-benz"
   },
   {
      "model_name":"Studie",
      "model_make_id":"mercedes-benz"
   },
   {
      "model_name":"Swatch",
      "model_make_id":"mercedes-benz"
   },
   {
      "model_name":"T",
      "model_make_id":"mercedes-benz"
   },
   {
      "model_name":"T V-12",
      "model_make_id":"mercedes-benz"
   },
   {
      "model_name":"V",
      "model_make_id":"mercedes-benz"
   },
   {
      "model_name":"Vaneo",
      "model_make_id":"mercedes-benz"
   },
   {
      "model_name":"Version Longue",
      "model_make_id":"mercedes-benz"
   },
   {
      "model_name":"Viano",
      "model_make_id":"mercedes-benz"
   },
   {
      "model_name":"Vision",
      "model_make_id":"mercedes-benz"
   },
   {
      "model_name":"Vito",
      "model_make_id":"mercedes-benz"
   },
   {
      "model_name":"W 110",
      "model_make_id":"mercedes-benz"
   },
   {
      "model_name":"W 111",
      "model_make_id":"mercedes-benz"
   },
   {
      "model_name":"W 123 Coupe",
      "model_make_id":"mercedes-benz"
   },
   {
      "model_name":"W 136",
      "model_make_id":"mercedes-benz"
   },
   {
      "model_name":"W 196",
      "model_make_id":"mercedes-benz"
   },
   {
      "model_name":"100 NX",
      "model_make_id":"nissan"
   },
   {
      "model_name":"110",
      "model_make_id":"nissan"
   },
   {
      "model_name":"1400",
      "model_make_id":"nissan"
   },
   {
      "model_name":"200 SX Silvia",
      "model_make_id":"nissan"
   },
   {
      "model_name":"211",
      "model_make_id":"nissan"
   },
   {
      "model_name":"240 C",
      "model_make_id":"nissan"
   },
   {
      "model_name":"260 ZX",
      "model_make_id":"nissan"
   },
   {
      "model_name":"270 R",
      "model_make_id":"nissan"
   },
   {
      "model_name":"300 ZX",
      "model_make_id":"nissan"
   },
   {
      "model_name":"350Z",
      "model_make_id":"nissan"
   },
   {
      "model_name":"370Z",
      "model_make_id":"nissan"
   },
   {
      "model_name":"400 R",
      "model_make_id":"nissan"
   },
   {
      "model_name":"AA-X",
      "model_make_id":"nissan"
   },
   {
      "model_name":"Almera",
      "model_make_id":"nissan"
   },
   {
      "model_name":"Alpha",
      "model_make_id":"nissan"
   },
   {
      "model_name":"Altima",
      "model_make_id":"nissan"
   },
   {
      "model_name":"Armada",
      "model_make_id":"nissan"
   },
   {
      "model_name":"Avenir",
      "model_make_id":"nissan"
   },
   {
      "model_name":"AXY",
      "model_make_id":"nissan"
   },
   {
      "model_name":"AZ-1",
      "model_make_id":"nissan"
   },
   {
      "model_name":"Bluebird",
      "model_make_id":"nissan"
   },
   {
      "model_name":"C 52",
      "model_make_id":"nissan"
   },
   {
      "model_name":"Cedric",
      "model_make_id":"nissan"
   },
   {
      "model_name":"Cefiro",
      "model_make_id":"nissan"
   },
   {
      "model_name":"Chappo",
      "model_make_id":"nissan"
   },
   {
      "model_name":"Cherry",
      "model_make_id":"nissan"
   },
   {
      "model_name":"Cima",
      "model_make_id":"nissan"
   },
   {
      "model_name":"Commercial",
      "model_make_id":"nissan"
   },
   {
      "model_name":"CQ-X",
      "model_make_id":"nissan"
   },
   {
      "model_name":"Crew",
      "model_make_id":"nissan"
   },
   {
      "model_name":"Cube",
      "model_make_id":"nissan"
   },
   {
      "model_name":"DS-2",
      "model_make_id":"nissan"
   },
   {
      "model_name":"E20",
      "model_make_id":"nissan"
   },
   {
      "model_name":"El Grand",
      "model_make_id":"nissan"
   },
   {
      "model_name":"Fairlady",
      "model_make_id":"nissan"
   },
   {
      "model_name":"Frontier",
      "model_make_id":"nissan"
   },
   {
      "model_name":"Fusion",
      "model_make_id":"nissan"
   },
   {
      "model_name":"Gloria",
      "model_make_id":"nissan"
   },
   {
      "model_name":"Grand Livina",
      "model_make_id":"nissan"
   },
   {
      "model_name":"GT-R",
      "model_make_id":"nissan"
   },
   {
      "model_name":"Hardbody",
      "model_make_id":"nissan"
   },
   {
      "model_name":"HyperMini",
      "model_make_id":"nissan"
   },
   {
      "model_name":"Ideo",
      "model_make_id":"nissan"
   },
   {
      "model_name":"Interstar",
      "model_make_id":"nissan"
   },
   {
      "model_name":"Juke",
      "model_make_id":"nissan"
   },
   {
      "model_name":"Lafesta",
      "model_make_id":"nissan"
   },
   {
      "model_name":"Laurel",
      "model_make_id":"nissan"
   },
   {
      "model_name":"Leaf",
      "model_make_id":"nissan"
   },
   {
      "model_name":"Leopard",
      "model_make_id":"nissan"
   },
   {
      "model_name":"Livina",
      "model_make_id":"nissan"
   },
   {
      "model_name":"M",
      "model_make_id":"nissan"
   },
   {
      "model_name":"Maxima",
      "model_make_id":"nissan"
   },
   {
      "model_name":"Micra",
      "model_make_id":"nissan"
   },
   {
      "model_name":"Mid4",
      "model_make_id":"nissan"
   },
   {
      "model_name":"MM",
      "model_make_id":"nissan"
   },
   {
      "model_name":"Moco",
      "model_make_id":"nissan"
   },
   {
      "model_name":"Murano",
      "model_make_id":"nissan"
   },
   {
      "model_name":"Murano CrossCabriolet",
      "model_make_id":"nissan"
   },
   {
      "model_name":"Navara",
      "model_make_id":"nissan"
   },
   {
      "model_name":"Note",
      "model_make_id":"nissan"
   },
   {
      "model_name":"NP300",
      "model_make_id":"nissan"
   },
   {
      "model_name":"NV",
      "model_make_id":"nissan"
   },
   {
      "model_name":"NV200",
      "model_make_id":"Nissan"
   },
   {
      "model_name":"Pathfinder",
      "model_make_id":"nissan"
   },
   {
      "model_name":"Patrol",
      "model_make_id":"nissan"
   },
   {
      "model_name":"Pickup",
      "model_make_id":"nissan"
   },
   {
      "model_name":"Pintara",
      "model_make_id":"nissan"
   },
   {
      "model_name":"Pixo",
      "model_make_id":"nissan"
   },
   {
      "model_name":"Platina",
      "model_make_id":"nissan"
   },
   {
      "model_name":"Prairie",
      "model_make_id":"nissan"
   },
   {
      "model_name":"Presea",
      "model_make_id":"nissan"
   },
   {
      "model_name":"President",
      "model_make_id":"nissan"
   },
   {
      "model_name":"Primera",
      "model_make_id":"nissan"
   },
   {
      "model_name":"Pulsar",
      "model_make_id":"nissan"
   },
   {
      "model_name":"Qashqai",
      "model_make_id":"nissan"
   },
   {
      "model_name":"Quest",
      "model_make_id":"nissan"
   },
   {
      "model_name":"R 390 GT1",
      "model_make_id":"nissan"
   },
   {
      "model_name":"R 391",
      "model_make_id":"nissan"
   },
   {
      "model_name":"Rasheen",
      "model_make_id":"nissan"
   },
   {
      "model_name":"Rogue",
      "model_make_id":"nissan"
   },
   {
      "model_name":"Santana",
      "model_make_id":"nissan"
   },
   {
      "model_name":"Sedan",
      "model_make_id":"nissan"
   },
   {
      "model_name":"Sentra",
      "model_make_id":"nissan"
   },
   {
      "model_name":"Serena",
      "model_make_id":"nissan"
   },
   {
      "model_name":"Silvia",
      "model_make_id":"nissan"
   },
   {
      "model_name":"Skyline",
      "model_make_id":"nissan"
   },
   {
      "model_name":"Sport",
      "model_make_id":"nissan"
   },
   {
      "model_name":"Sports",
      "model_make_id":"nissan"
   },
   {
      "model_name":"Stagea",
      "model_make_id":"nissan"
   },
   {
      "model_name":"Stanza",
      "model_make_id":"nissan"
   },
   {
      "model_name":"Sunny",
      "model_make_id":"nissan"
   },
   {
      "model_name":"SUT",
      "model_make_id":"nissan"
   },
   {
      "model_name":"Terrano",
      "model_make_id":"nissan"
   },
   {
      "model_name":"Terrano II",
      "model_make_id":"nissan"
   },
   {
      "model_name":"Tiida",
      "model_make_id":"nissan"
   },
   {
      "model_name":"Titan",
      "model_make_id":"nissan"
   },
   {
      "model_name":"Trailrunner",
      "model_make_id":"nissan"
   },
   {
      "model_name":"Vanette",
      "model_make_id":"nissan"
   },
   {
      "model_name":"Versa",
      "model_make_id":"nissan"
   },
   {
      "model_name":"Versa Note",
      "model_make_id":"Nissan"
   },
   {
      "model_name":"Violet",
      "model_make_id":"nissan"
   },
   {
      "model_name":"X-Trail",
      "model_make_id":"nissan"
   },
   {
      "model_name":"Xterra",
      "model_make_id":"nissan"
   },
   {
      "model_name":"XVL",
      "model_make_id":"nissan"
   },
   {
      "model_name":"Z",
      "model_make_id":"nissan"
   },
   {
      "model_name":"Zaroot",
      "model_make_id":"nissan"
   },
   {
      "model_name":"1300",
      "model_make_id":"porsche"
   },
   {
      "model_name":"3400",
      "model_make_id":"porsche"
   },
   {
      "model_name":"356",
      "model_make_id":"porsche"
   },
   {
      "model_name":"550 A",
      "model_make_id":"porsche"
   },
   {
      "model_name":"718",
      "model_make_id":"porsche"
   },
   {
      "model_name":"804",
      "model_make_id":"porsche"
   },
   {
      "model_name":"904",
      "model_make_id":"porsche"
   },
   {
      "model_name":"906",
      "model_make_id":"porsche"
   },
   {
      "model_name":"907",
      "model_make_id":"porsche"
   },
   {
      "model_name":"908",
      "model_make_id":"porsche"
   },
   {
      "model_name":"910",
      "model_make_id":"porsche"
   },
   {
      "model_name":"911",
      "model_make_id":"porsche"
   },
   {
      "model_name":"912",
      "model_make_id":"porsche"
   },
   {
      "model_name":"914",
      "model_make_id":"porsche"
   },
   {
      "model_name":"917",
      "model_make_id":"porsche"
   },
   {
      "model_name":"918 Spyder",
      "model_make_id":"Porsche"
   },
   {
      "model_name":"924",
      "model_make_id":"porsche"
   },
   {
      "model_name":"928",
      "model_make_id":"porsche"
   },
   {
      "model_name":"930",
      "model_make_id":"porsche"
   },
   {
      "model_name":"935",
      "model_make_id":"porsche"
   },
   {
      "model_name":"936",
      "model_make_id":"porsche"
   },
   {
      "model_name":"944",
      "model_make_id":"porsche"
   },
   {
      "model_name":"959",
      "model_make_id":"porsche"
   },
   {
      "model_name":"962",
      "model_make_id":"porsche"
   },
   {
      "model_name":"964",
      "model_make_id":"porsche"
   },
   {
      "model_name":"965",
      "model_make_id":"porsche"
   },
   {
      "model_name":"968",
      "model_make_id":"porsche"
   },
   {
      "model_name":"993",
      "model_make_id":"porsche"
   },
   {
      "model_name":"996",
      "model_make_id":"porsche"
   },
   {
      "model_name":"Boxster",
      "model_make_id":"porsche"
   },
   {
      "model_name":"Boxter",
      "model_make_id":"porsche"
   },
   {
      "model_name":"Carrera GT",
      "model_make_id":"porsche"
   },
   {
      "model_name":"Cayenne",
      "model_make_id":"porsche"
   },
   {
      "model_name":"Cayman",
      "model_make_id":"porsche"
   },
   {
      "model_name":"DP",
      "model_make_id":"porsche"
   },
   {
      "model_name":"GT2",
      "model_make_id":"porsche"
   },
   {
      "model_name":"GT3",
      "model_make_id":"porsche"
   },
   {
      "model_name":"Karisma",
      "model_make_id":"porsche"
   },
   {
      "model_name":"Kremer 935 K3",
      "model_make_id":"porsche"
   },
   {
      "model_name":"Macan",
      "model_make_id":"Porsche"
   },
   {
      "model_name":"Mega Cabriolet Biturbo",
      "model_make_id":"porsche"
   },
   {
      "model_name":"Pan Americana",
      "model_make_id":"porsche"
   },
   {
      "model_name":"Panamera",
      "model_make_id":"porsche"
   },
   {
      "model_name":"RGT",
      "model_make_id":"porsche"
   },
   {
      "model_name":"Tapiro",
      "model_make_id":"porsche"
   },
   {
      "model_name":"1.8",
      "model_make_id":"subaru"
   },
   {
      "model_name":"1400",
      "model_make_id":"subaru"
   },
   {
      "model_name":"360",
      "model_make_id":"subaru"
   },
   {
      "model_name":"Alfa",
      "model_make_id":"subaru"
   },
   {
      "model_name":"B",
      "model_make_id":"subaru"
   },
   {
      "model_name":"B9 Tribeca",
      "model_make_id":"subaru"
   },
   {
      "model_name":"Baja",
      "model_make_id":"subaru"
   },
   {
      "model_name":"BRZ",
      "model_make_id":"subaru"
   },
   {
      "model_name":"Coupe",
      "model_make_id":"subaru"
   },
   {
      "model_name":"DL",
      "model_make_id":"subaru"
   },
   {
      "model_name":"FF-1",
      "model_make_id":"subaru"
   },
   {
      "model_name":"Forester",
      "model_make_id":"subaru"
   },
   {
      "model_name":"G3X",
      "model_make_id":"subaru"
   },
   {
      "model_name":"HM-01",
      "model_make_id":"subaru"
   },
   {
      "model_name":"Impreza",
      "model_make_id":"subaru"
   },
   {
      "model_name":"Impreza WRX",
      "model_make_id":"Subaru"
   },
   {
      "model_name":"Justy",
      "model_make_id":"subaru"
   },
   {
      "model_name":"K 111",
      "model_make_id":"subaru"
   },
   {
      "model_name":"Legacy",
      "model_make_id":"subaru"
   },
   {
      "model_name":"Leone",
      "model_make_id":"subaru"
   },
   {
      "model_name":"Mini Jumbo",
      "model_make_id":"subaru"
   },
   {
      "model_name":"Outback",
      "model_make_id":"subaru"
   },
   {
      "model_name":"Outback Sport",
      "model_make_id":"subaru"
   },
   {
      "model_name":"Pleo",
      "model_make_id":"subaru"
   },
   {
      "model_name":"R-2",
      "model_make_id":"subaru"
   },
   {
      "model_name":"R2",
      "model_make_id":"subaru"
   },
   {
      "model_name":"Rex",
      "model_make_id":"subaru"
   },
   {
      "model_name":"STX",
      "model_make_id":"subaru"
   },
   {
      "model_name":"SVX",
      "model_make_id":"subaru"
   },
   {
      "model_name":"Traviq",
      "model_make_id":"subaru"
   },
   {
      "model_name":"Tribeca",
      "model_make_id":"subaru"
   },
   {
      "model_name":"Vivio",
      "model_make_id":"subaru"
   },
   {
      "model_name":"WRX",
      "model_make_id":"Subaru"
   },
   {
      "model_name":"WX 01",
      "model_make_id":"subaru"
   },
   {
      "model_name":"XT",
      "model_make_id":"subaru"
   },
   {
      "model_name":"XV",
      "model_make_id":"subaru"
   },
   {
      "model_name":"XV Crosstrek",
      "model_make_id":"subaru"
   },
   {
      "model_name":"1000",
      "model_make_id":"toyota"
   },
   {
      "model_name":"105",
      "model_make_id":"toyota"
   },
   {
      "model_name":"2000GT",
      "model_make_id":"toyota"
   },
   {
      "model_name":"4Runner",
      "model_make_id":"toyota"
   },
   {
      "model_name":"AA",
      "model_make_id":"toyota"
   },
   {
      "model_name":"Allion",
      "model_make_id":"toyota"
   },
   {
      "model_name":"Altezza",
      "model_make_id":"toyota"
   },
   {
      "model_name":"Aristo",
      "model_make_id":"toyota"
   },
   {
      "model_name":"Ateva",
      "model_make_id":"toyota"
   },
   {
      "model_name":"Auris",
      "model_make_id":"toyota"
   },
   {
      "model_name":"Avalon",
      "model_make_id":"toyota"
   },
   {
      "model_name":"Avalon Hybrid",
      "model_make_id":"Toyota"
   },
   {
      "model_name":"Avanza",
      "model_make_id":"toyota"
   },
   {
      "model_name":"Avensis",
      "model_make_id":"toyota"
   },
   {
      "model_name":"Aygo",
      "model_make_id":"toyota"
   },
   {
      "model_name":"Bandeirante",
      "model_make_id":"toyota"
   },
   {
      "model_name":"BB",
      "model_make_id":"toyota"
   },
   {
      "model_name":"Blizzard",
      "model_make_id":"toyota"
   },
   {
      "model_name":"Brevis",
      "model_make_id":"toyota"
   },
   {
      "model_name":"Caldina",
      "model_make_id":"toyota"
   },
   {
      "model_name":"Camry",
      "model_make_id":"toyota"
   },
   {
      "model_name":"Camry Hybrid",
      "model_make_id":"Toyota"
   },
   {
      "model_name":"Carina",
      "model_make_id":"toyota"
   },
   {
      "model_name":"Caserta",
      "model_make_id":"toyota"
   },
   {
      "model_name":"Celica",
      "model_make_id":"toyota"
   },
   {
      "model_name":"Celsior",
      "model_make_id":"toyota"
   },
   {
      "model_name":"Century",
      "model_make_id":"toyota"
   },
   {
      "model_name":"Chaser",
      "model_make_id":"toyota"
   },
   {
      "model_name":"Coaster",
      "model_make_id":"toyota"
   },
   {
      "model_name":"Condor",
      "model_make_id":"toyota"
   },
   {
      "model_name":"Conquest",
      "model_make_id":"toyota"
   },
   {
      "model_name":"Corolla",
      "model_make_id":"toyota"
   },
   {
      "model_name":"Corona",
      "model_make_id":"toyota"
   },
   {
      "model_name":"Corsa",
      "model_make_id":"toyota"
   },
   {
      "model_name":"Cressida",
      "model_make_id":"toyota"
   },
   {
      "model_name":"Cresta",
      "model_make_id":"toyota"
   },
   {
      "model_name":"Crown",
      "model_make_id":"toyota"
   },
   {
      "model_name":"Dyna",
      "model_make_id":"toyota"
   },
   {
      "model_name":"Echo",
      "model_make_id":"toyota"
   },
   {
      "model_name":"ES 3",
      "model_make_id":"toyota"
   },
   {
      "model_name":"F-1",
      "model_make_id":"toyota"
   },
   {
      "model_name":"FCHV 5",
      "model_make_id":"toyota"
   },
   {
      "model_name":"FJ Cruiser",
      "model_make_id":"toyota"
   },
   {
      "model_name":"Fortuner",
      "model_make_id":"toyota"
   },
   {
      "model_name":"FXS",
      "model_make_id":"toyota"
   },
   {
      "model_name":"GT1",
      "model_make_id":"toyota"
   },
   {
      "model_name":"Hi-Ace",
      "model_make_id":"toyota"
   },
   {
      "model_name":"Highlander",
      "model_make_id":"toyota"
   },
   {
      "model_name":"Highlander Hybrid",
      "model_make_id":"Toyota"
   },
   {
      "model_name":"Hilux",
      "model_make_id":"toyota"
   },
   {
      "model_name":"HMV",
      "model_make_id":"toyota"
   },
   {
      "model_name":"Ipsum",
      "model_make_id":"toyota"
   },
   {
      "model_name":"iQ",
      "model_make_id":"toyota"
   },
   {
      "model_name":"Land Cruiser",
      "model_make_id":"toyota"
   },
   {
      "model_name":"Lexcen",
      "model_make_id":"toyota"
   },
   {
      "model_name":"Lite Ace",
      "model_make_id":"toyota"
   },
   {
      "model_name":"Mark II",
      "model_make_id":"toyota"
   },
   {
      "model_name":"Master RR",
      "model_make_id":"toyota"
   },
   {
      "model_name":"Matrix",
      "model_make_id":"toyota"
   },
   {
      "model_name":"Mega Cruiser",
      "model_make_id":"toyota"
   },
   {
      "model_name":"Model F",
      "model_make_id":"toyota"
   },
   {
      "model_name":"MR-S",
      "model_make_id":"toyota"
   },
   {
      "model_name":"MR2",
      "model_make_id":"toyota"
   },
   {
      "model_name":"MRJ",
      "model_make_id":"toyota"
   },
   {
      "model_name":"Opa",
      "model_make_id":"toyota"
   },
   {
      "model_name":"Paseo",
      "model_make_id":"toyota"
   },
   {
      "model_name":"Picnic",
      "model_make_id":"toyota"
   },
   {
      "model_name":"Pod",
      "model_make_id":"toyota"
   },
   {
      "model_name":"Previa",
      "model_make_id":"toyota"
   },
   {
      "model_name":"Prius",
      "model_make_id":"toyota"
   },
   {
      "model_name":"Prius C",
      "model_make_id":"toyota"
   },
   {
      "model_name":"Prius Plug-in",
      "model_make_id":"Toyota"
   },
   {
      "model_name":"Prius V",
      "model_make_id":"toyota"
   },
   {
      "model_name":"Progress NC 300",
      "model_make_id":"toyota"
   },
   {
      "model_name":"Publica",
      "model_make_id":"toyota"
   },
   {
      "model_name":"Quantum",
      "model_make_id":"toyota"
   },
   {
      "model_name":"Ractis",
      "model_make_id":"toyota"
   },
   {
      "model_name":"RAV4",
      "model_make_id":"toyota"
   },
   {
      "model_name":"RAV4 EV",
      "model_make_id":"Toyota"
   },
   {
      "model_name":"Retro Cruiser",
      "model_make_id":"toyota"
   },
   {
      "model_name":"RSC",
      "model_make_id":"toyota"
   },
   {
      "model_name":"RunX",
      "model_make_id":"toyota"
   },
   {
      "model_name":"SA",
      "model_make_id":"toyota"
   },
   {
      "model_name":"Sequoia",
      "model_make_id":"toyota"
   },
   {
      "model_name":"Sera",
      "model_make_id":"toyota"
   },
   {
      "model_name":"Sienna",
      "model_make_id":"toyota"
   },
   {
      "model_name":"Soarer",
      "model_make_id":"toyota"
   },
   {
      "model_name":"Solara",
      "model_make_id":"toyota"
   },
   {
      "model_name":"Sparky",
      "model_make_id":"toyota"
   },
   {
      "model_name":"Sport 800",
      "model_make_id":"toyota"
   },
   {
      "model_name":"Sprinter",
      "model_make_id":"toyota"
   },
   {
      "model_name":"Stallion",
      "model_make_id":"toyota"
   },
   {
      "model_name":"Starlet",
      "model_make_id":"toyota"
   },
   {
      "model_name":"Super",
      "model_make_id":"toyota"
   },
   {
      "model_name":"Supra",
      "model_make_id":"toyota"
   },
   {
      "model_name":"Tacoma",
      "model_make_id":"toyota"
   },
   {
      "model_name":"Tazz",
      "model_make_id":"toyota"
   },
   {
      "model_name":"Tercel",
      "model_make_id":"toyota"
   },
   {
      "model_name":"Tundra",
      "model_make_id":"toyota"
   },
   {
      "model_name":"Venture",
      "model_make_id":"toyota"
   },
   {
      "model_name":"Venza",
      "model_make_id":"toyota"
   },
   {
      "model_name":"Verossa",
      "model_make_id":"toyota"
   },
   {
      "model_name":"Vitz",
      "model_make_id":"toyota"
   },
   {
      "model_name":"Will",
      "model_make_id":"toyota"
   },
   {
      "model_name":"Windom",
      "model_make_id":"toyota"
   },
   {
      "model_name":"XYR",
      "model_make_id":"toyota"
   },
   {
      "model_name":"Yaris",
      "model_make_id":"toyota"
   }
]